n_type,request_id,completion_time,total_processing_time
auction,0,0:00:02.314992,0:00:02.313053
auction,1,0:00:02.945075,0:00:02.943875
auction,2,0:00:03.083804,0:00:02.700934
auction,3,0:00:02.804834,0:00:02.401096
auction,4,0:00:03.838027,0:00:03.450307
auction,15,0:00:02.645660,0:00:02.643679
auction,16,0:00:02.464437,0:00:02.461704
auction,17,0:00:02.852878,0:00:02.851109
auction,18,0:00:02.229035,0:00:01.860401
auction,19,0:00:02.136591,0:00:02.131793
auction,30,0:00:03.327234,0:00:02.940501
auction,31,0:00:03.240244,0:00:02.880583
auction,32,0:00:03.162842,0:00:02.791268
auction,33,0:00:03.267225,0:00:02.282686
auction,34,0:00:02.200619,0:00:02.196965
auction,45,0:00:02.252729,0:00:02.250449
auction,46,0:00:02.916754,0:00:02.914416
auction,47,0:00:02.255978,0:00:02.251953
auction,48,0:00:03.395295,0:00:03.000450
auction,49,0:00:03.271546,0:00:02.550722
auction,60,0:00:02.161548,0:00:02.160970
auction,61,0:00:02.973257,0:00:02.971437
auction,62,0:00:01.502901,0:00:01.501392
auction,63,0:00:02.673781,0:00:02.672696
auction,64,0:00:02.091804,0:00:01.711496
auction,75,0:00:02.799378,0:00:02.797515
auction,76,0:00:02.469255,0:00:02.467190
auction,77,0:00:02.618716,0:00:02.280934
auction,78,0:00:02.660216,0:00:02.280914
auction,79,0:00:02.869013,0:00:02.220866
auction,90,0:00:01.833625,0:00:01.832579
auction,91,0:00:03.695166,0:00:03.300617
auction,92,0:00:01.893531,0:00:01.890898
auction,93,0:00:04.023199,0:00:03.301611
auction,94,0:00:02.586100,0:00:02.582187
auction,105,0:00:02.372028,0:00:02.371214
auction,106,0:00:03.367949,0:00:02.970486
auction,107,0:00:02.221711,0:00:01.832776
auction,108,0:00:02.798676,0:00:02.796804
auction,109,0:00:02.371322,0:00:01.951761
auction,120,0:00:02.026689,0:00:02.024945
auction,121,0:00:02.906843,0:00:02.521256
auction,122,0:00:02.493902,0:00:02.491432
auction,123,0:00:02.124099,0:00:02.119914
auction,124,0:00:02.862361,0:00:02.854696
auction,135,0:00:02.499128,0:00:02.101038
auction,136,0:00:03.435086,0:00:02.791488
auction,137,0:00:02.437785,0:00:02.071153
auction,138,0:00:02.077964,0:00:01.651175
auction,139,0:00:02.958868,0:00:02.954550
auction,150,0:00:02.911603,0:00:02.911077
auction,151,0:00:02.975976,0:00:02.975213
auction,152,0:00:02.902760,0:00:02.550665
auction,153,0:00:02.438474,0:00:02.430922
auction,154,0:00:03.008941,0:00:03.000968
auction,165,0:00:02.074673,0:00:02.073877
auction,166,0:00:03.783381,0:00:02.791109
auction,167,0:00:03.815297,0:00:03.150463
auction,168,0:00:01.926176,0:00:01.923034
auction,169,0:00:03.581557,0:00:03.210938
auction,180,0:00:02.171004,0:00:02.169454
auction,181,0:00:02.872806,0:00:02.490377
auction,182,0:00:01.748422,0:00:01.747518
auction,183,0:00:02.289842,0:00:02.288885
auction,184,0:00:02.943611,0:00:02.580450
auction,195,0:00:03.224258,0:00:02.850919
auction,196,0:00:01.563520,0:00:01.560892
auction,197,0:00:02.682573,0:00:02.340406
auction,198,0:00:02.705579,0:00:02.701299
auction,199,0:00:02.191783,0:00:02.190427
auction,210,0:00:03.506285,0:00:03.120692
auction,211,0:00:02.164450,0:00:02.162124
auction,212,0:00:01.923430,0:00:01.922844
auction,213,0:00:02.583654,0:00:02.581761
auction,214,0:00:02.690828,0:00:02.281204
auction,225,0:00:02.877592,0:00:02.430865
auction,226,0:00:02.759780,0:00:02.401521
auction,227,0:00:02.987669,0:00:02.610781
auction,228,0:00:03.444900,0:00:02.730779
auction,229,0:00:02.666727,0:00:02.311076
auction,240,0:00:02.137181,0:00:02.131914
auction,241,0:00:02.527575,0:00:02.521559
auction,242,0:00:02.077129,0:00:02.075882
auction,243,0:00:02.329232,0:00:01.980654
auction,244,0:00:02.914463,0:00:02.911915
auction,255,0:00:02.586666,0:00:02.583066
auction,256,0:00:02.675867,0:00:02.674476
auction,257,0:00:02.796777,0:00:02.795421
auction,258,0:00:02.237168,0:00:01.860522
auction,259,0:00:03.268384,0:00:02.881132
auction,270,0:00:02.766517,0:00:02.765606
auction,271,0:00:02.076381,0:00:02.075773
auction,272,0:00:02.582075,0:00:02.581158
auction,273,0:00:01.592591,0:00:01.591168
auction,274,0:00:03.303643,0:00:02.940755
auction,285,0:00:02.185676,0:00:01.801221
auction,286,0:00:02.944377,0:00:02.941747
auction,287,0:00:03.004161,0:00:03.002962
auction,288,0:00:02.532025,0:00:02.100806
auction,289,0:00:02.775044,0:00:02.400860
auction,300,0:00:01.713680,0:00:01.712657
auction,301,0:00:02.293065,0:00:02.291387
auction,302,0:00:02.766160,0:00:02.764014
auction,303,0:00:02.255969,0:00:02.252822
auction,304,0:00:01.926323,0:00:01.923813
auction,315,0:00:02.555490,0:00:02.554024
auction,316,0:00:03.081857,0:00:02.731664
auction,317,0:00:02.290583,0:00:02.283639
auction,318,0:00:02.289296,0:00:01.920540
auction,319,0:00:02.378746,0:00:02.374023
auction,330,0:00:02.557229,0:00:02.555986
auction,331,0:00:03.230848,0:00:05.641771
auction,332,0:00:02.556613,0:00:02.552961
auction,333,0:00:02.162862,0:00:02.160468
auction,334,0:00:03.116856,0:00:02.760601
auction,345,0:00:03.062137,0:00:02.671263
auction,346,0:00:02.474370,0:00:02.070954
auction,347,0:00:02.645283,0:00:02.643488
auction,348,0:00:02.105281,0:00:02.102734
auction,349,0:00:02.804718,0:00:02.460699
auction,360,0:00:04.011650,0:00:03.630607
auction,361,0:00:02.193825,0:00:01.830649
auction,362,0:00:02.709982,0:00:02.315195
auction,363,0:00:03.372132,0:00:02.700642
auction,364,0:00:02.585342,0:00:02.580597
auction,375,0:00:02.705661,0:00:02.340583
auction,376,0:00:03.281317,0:00:02.851739
auction,377,0:00:03.266048,0:00:02.880330
auction,378,0:00:03.005388,0:00:03.003222
auction,379,0:00:03.594599,0:00:03.150485
auction,390,0:00:03.257850,0:00:02.881771
auction,391,0:00:02.648572,0:00:02.645248
auction,392,0:00:02.676456,0:00:02.281245
auction,393,0:00:02.502435,0:00:02.496605
auction,394,0:00:02.254272,0:00:01.891195
auction,405,0:00:03.273985,0:00:02.880956
auction,406,0:00:02.906794,0:00:02.521226
auction,407,0:00:02.704501,0:00:02.704004
auction,408,0:00:02.854319,0:00:02.491340
auction,409,0:00:03.659213,0:00:03.210634
auction,420,0:00:02.710727,0:00:02.700960
auction,421,0:00:02.174329,0:00:02.163913
auction,422,0:00:03.015074,0:00:03.002633
auction,423,0:00:02.512873,0:00:02.493982
auction,424,0:00:02.896247,0:00:02.550587
auction,435,0:00:02.879945,0:00:02.491028
auction,436,0:00:02.619021,0:00:02.615376
auction,437,0:00:02.319526,0:00:01.951033
auction,438,0:00:01.533577,0:00:01.531109
auction,439,0:00:02.795823,0:00:02.100553
auction,450,0:00:02.376109,0:00:02.011818
auction,451,0:00:02.719218,0:00:02.677449
auction,452,0:00:02.886694,0:00:02.160834
auction,453,0:00:03.030759,0:00:02.581304
auction,454,0:00:03.192913,0:00:02.791168
auction,465,0:00:02.492150,0:00:02.491192
auction,466,0:00:02.584484,0:00:02.583664
auction,467,0:00:02.258024,0:00:02.255943
auction,468,0:00:03.314526,0:00:02.941087
auction,469,0:00:02.557196,0:00:02.528901
auction,480,0:00:02.401997,0:00:02.401059
auction,481,0:00:03.077371,0:00:02.730347
auction,482,0:00:02.287358,0:00:01.921055
auction,483,0:00:02.198029,0:00:01.830295
auction,484,0:00:02.883776,0:00:02.881076
auction,495,0:00:03.005365,0:00:03.004384
auction,496,0:00:02.745089,0:00:02.400678
auction,497,0:00:02.525803,0:00:02.523281
auction,498,0:00:03.425972,0:00:03.030739
auction,499,0:00:02.653434,0:00:02.280345
auction,510,0:00:01.947616,0:00:01.590574
auction,511,0:00:03.207147,0:00:02.820932
auction,512,0:00:03.368415,0:00:02.640957
auction,513,0:00:02.908596,0:00:02.460657
auction,514,0:00:03.618640,0:00:03.271153
auction,525,0:00:02.721633,0:00:01.680777
auction,526,0:00:02.675310,0:00:02.671498
auction,527,0:00:02.885949,0:00:02.884840
auction,528,0:00:02.793091,0:00:02.371457
auction,529,0:00:02.252068,0:00:02.250484
auction,540,0:00:03.659570,0:00:02.971719
auction,541,0:00:02.919120,0:00:02.551104
auction,542,0:00:02.428445,0:00:01.980426
auction,543,0:00:03.295390,0:00:02.850316
auction,544,0:00:02.741293,0:00:02.732714
auction,555,0:00:02.227162,0:00:02.225440
auction,556,0:00:03.271576,0:00:02.190526
auction,557,0:00:02.829675,0:00:02.822440
auction,558,0:00:03.037191,0:00:02.670465
auction,559,0:00:02.918509,0:00:02.911733
auction,570,0:00:01.805274,0:00:01.802672
auction,571,0:00:02.132684,0:00:01.741217
auction,572,0:00:03.877750,0:00:03.510894
auction,573,0:00:03.009569,0:00:02.670797
auction,574,0:00:02.284194,0:00:02.281948
auction,585,0:00:03.562516,0:00:03.180327
auction,586,0:00:02.799205,0:00:02.791340
auction,587,0:00:02.527322,0:00:02.192174
auction,588,0:00:02.707199,0:00:02.702172
auction,589,0:00:02.949275,0:00:02.941910
auction,600,0:00:02.583022,0:00:02.582115
auction,601,0:00:02.978605,0:00:02.550877
auction,602,0:00:02.924248,0:00:02.552609
auction,603,0:00:02.911304,0:00:02.220494
auction,604,0:00:01.991209,0:00:01.980635
auction,615,0:00:03.258082,0:00:02.880595
auction,616,0:00:02.799483,0:00:02.792673
auction,617,0:00:03.664084,0:00:02.940467
auction,618,0:00:03.048731,0:00:02.640905
auction,619,0:00:02.766841,0:00:02.764468
auction,630,0:00:02.556589,0:00:02.555845
auction,631,0:00:03.002259,0:00:03.001729
auction,632,0:00:02.584699,0:00:02.583889
auction,633,0:00:03.339286,0:00:03.000478
auction,634,0:00:03.004372,0:00:02.670294
auction,645,0:00:03.129947,0:00:02.761274
auction,646,0:00:03.358346,0:00:05.851422
auction,647,0:00:02.807868,0:00:02.400427
auction,648,0:00:02.524893,0:00:02.523149
auction,649,0:00:03.235165,0:00:02.850493
auction,660,0:00:02.072698,0:00:02.071799
auction,661,0:00:02.741971,0:00:02.400464
auction,662,0:00:01.975831,0:00:01.593130
auction,663,0:00:01.504997,0:00:01.500997
auction,664,0:00:02.664381,0:00:02.281489
auction,675,0:00:03.385665,0:00:03.001245
auction,676,0:00:02.599522,0:00:02.221051
auction,677,0:00:02.254456,0:00:02.252690
auction,678,0:00:03.570879,0:00:03.120588
auction,679,0:00:02.711008,0:00:02.311218
auction,690,0:00:02.632156,0:00:02.281029
auction,691,0:00:02.952751,0:00:02.942200
auction,692,0:00:03.768658,0:00:03.360660
auction,693,0:00:02.916414,0:00:02.550302
auction,694,0:00:01.933966,0:00:01.927220
auction,705,0:00:02.138806,0:00:02.134015
auction,706,0:00:03.143258,0:00:02.790468
auction,707,0:00:04.250007,0:00:03.570766
auction,708,0:00:03.244851,0:00:02.552341
auction,709,0:00:02.647173,0:00:01.980359
auction,720,0:00:02.084730,0:00:02.083330
auction,721,0:00:02.384357,0:00:02.383304
auction,722,0:00:02.844976,0:00:02.490951
auction,723,0:00:02.682725,0:00:02.679463
auction,724,0:00:02.871379,0:00:02.521923
auction,735,0:00:02.945881,0:00:02.944883
auction,736,0:00:02.975715,0:00:02.972346
auction,737,0:00:02.736348,0:00:02.370563
auction,738,0:00:02.674035,0:00:02.671541
auction,739,0:00:02.763238,0:00:02.761573
auction,750,0:00:02.847555,0:00:02.822990
auction,751,0:00:02.694174,0:00:02.310986
auction,752,0:00:02.419793,0:00:02.402268
auction,753,0:00:02.789852,0:00:02.400825
auction,754,0:00:02.143153,0:00:02.133959
auction,765,0:00:02.653691,0:00:02.647468
auction,766,0:00:01.864738,0:00:01.861740
auction,767,0:00:01.941722,0:00:01.561092
auction,768,0:00:01.976071,0:00:01.620358
auction,769,0:00:02.021076,0:00:02.017395
auction,780,0:00:02.432769,0:00:02.432061
auction,781,0:00:02.434513,0:00:02.430790
auction,782,0:00:01.935125,0:00:01.591537
auction,783,0:00:02.464952,0:00:02.460730
auction,784,0:00:02.376095,0:00:02.373055
auction,795,0:00:03.118415,0:00:02.761516
auction,796,0:00:01.923806,0:00:01.921440
auction,797,0:00:02.260928,0:00:02.254853
auction,798,0:00:03.757241,0:00:03.000370
auction,799,0:00:02.885713,0:00:04.502915
auction,810,0:00:03.021858,0:00:02.670871
auction,811,0:00:01.951227,0:00:01.950593
auction,812,0:00:02.971625,0:00:02.971076
auction,813,0:00:02.136005,0:00:02.135074
auction,814,0:00:02.494972,0:00:02.491123
auction,825,0:00:01.981817,0:00:01.591457
auction,826,0:00:02.947771,0:00:02.944816
auction,827,0:00:03.581731,0:00:03.150665
auction,828,0:00:02.977039,0:00:02.971463
auction,829,0:00:02.019177,0:00:02.010726
auction,840,0:00:02.592629,0:00:02.587634
auction,841,0:00:02.472098,0:00:02.467164
auction,842,0:00:02.262288,0:00:02.258283
auction,843,0:00:02.531167,0:00:02.526825
auction,844,0:00:02.711213,0:00:02.707971
auction,855,0:00:03.367613,0:00:03.001161
auction,856,0:00:02.916237,0:00:02.913270
auction,857,0:00:02.705777,0:00:02.704570
auction,858,0:00:02.852583,0:00:02.851402
auction,859,0:00:03.139042,0:00:05.522657
auction,870,0:00:02.462523,0:00:02.461556
auction,871,0:00:02.705197,0:00:02.703205
auction,872,0:00:02.347585,0:00:02.346612
auction,873,0:00:02.169795,0:00:04.531418
auction,874,0:00:02.750121,0:00:04.800972
auction,885,0:00:02.812842,0:00:02.460980
auction,886,0:00:02.733624,0:00:02.731201
auction,887,0:00:02.555165,0:00:02.553033
auction,888,0:00:01.655873,0:00:01.651577
auction,889,0:00:02.291039,0:00:02.283391
auction,900,0:00:02.347719,0:00:02.346798
auction,901,0:00:02.565267,0:00:02.520475
auction,902,0:00:02.103859,0:00:01.680573
auction,903,0:00:02.697618,0:00:02.641917
auction,904,0:00:02.778828,0:00:02.011255
auction,915,0:00:02.249513,0:00:01.890593
auction,916,0:00:01.807729,0:00:01.801698
auction,917,0:00:02.894020,0:00:02.550788
auction,918,0:00:02.621396,0:00:02.617430
auction,919,0:00:03.286579,0:00:02.940470
auction,930,0:00:02.014526,0:00:02.013854
auction,931,0:00:02.402822,0:00:02.402184
auction,932,0:00:02.851580,0:00:02.851076
auction,933,0:00:02.267074,0:00:01.890834
auction,934,0:00:02.595915,0:00:02.594215
auction,945,0:00:02.079903,0:00:02.074034
auction,946,0:00:03.345591,0:00:02.970358
auction,947,0:00:02.708809,0:00:02.704859
auction,948,0:00:02.556831,0:00:02.553338
auction,949,0:00:02.784043,0:00:02.430660
auction,960,0:00:02.856231,0:00:02.491693
auction,961,0:00:03.406509,0:00:02.670633
auction,962,0:00:02.983684,0:00:02.550727
auction,963,0:00:02.977032,0:00:02.550639
auction,964,0:00:03.811578,0:00:03.391233
auction,975,0:00:02.576630,0:00:02.222120
auction,976,0:00:02.980045,0:00:02.976899
auction,977,0:00:02.832560,0:00:02.430541
auction,978,0:00:02.416345,0:00:02.010253
auction,979,0:00:02.929756,0:00:02.521222
auction,990,0:00:02.562399,0:00:02.561446
auction,991,0:00:03.196278,0:00:02.821201
auction,992,0:00:02.796846,0:00:02.796357
auction,993,0:00:02.707843,0:00:02.707347
auction,994,0:00:02.880471,0:00:02.190434
auction,1005,0:00:03.574772,0:00:03.210623
auction,1006,0:00:02.438412,0:00:02.437016
auction,1007,0:00:01.899108,0:00:01.896212
auction,1008,0:00:02.295296,0:00:01.950653
auction,1009,0:00:02.673286,0:00:01.921475
auction,1020,0:00:01.904549,0:00:01.903943
auction,1021,0:00:03.031393,0:00:02.641377
auction,1022,0:00:02.612392,0:00:02.611442
auction,1023,0:00:02.581856,0:00:02.580955
auction,1024,0:00:03.051245,0:00:02.701000
auction,1035,0:00:02.497530,0:00:02.101268
auction,1036,0:00:02.756420,0:00:02.370403
auction,1037,0:00:02.613164,0:00:02.611718
auction,1038,0:00:02.396379,0:00:02.010631
auction,1039,0:00:02.915756,0:00:02.250773
auction,1050,0:00:01.543106,0:00:01.542127
auction,1051,0:00:02.078215,0:00:02.077001
auction,1052,0:00:03.209710,0:00:02.821011
auction,1053,0:00:01.690793,0:00:01.687414
auction,1054,0:00:02.436198,0:00:02.435554
auction,1065,0:00:02.981220,0:00:02.610447
auction,1066,0:00:02.403951,0:00:02.401385
auction,1067,0:00:02.916484,0:00:02.914182
auction,1068,0:00:02.348690,0:00:02.346392
auction,1069,0:00:01.948319,0:00:01.591029
auction,1080,0:00:01.533833,0:00:01.530908
auction,1081,0:00:02.921233,0:00:02.521222
auction,1082,0:00:02.837074,0:00:02.430587
auction,1083,0:00:02.799348,0:00:02.371774
auction,1084,0:00:02.502740,0:00:02.497426
auction,1095,0:00:02.494785,0:00:02.493743
auction,1096,0:00:02.445992,0:00:02.040391
auction,1097,0:00:02.513932,0:00:02.136962
auction,1098,0:00:02.426749,0:00:02.041106
auction,1099,0:00:03.209563,0:00:02.820311
auction,1110,0:00:02.163733,0:00:01.770665
auction,1111,0:00:03.653180,0:00:03.270723
auction,1112,0:00:03.284893,0:00:02.910667
auction,1113,0:00:03.632530,0:00:03.150740
auction,1114,0:00:02.801637,0:00:02.430339
auction,1125,0:00:02.457106,0:00:02.070602
auction,1126,0:00:03.353623,0:00:02.940295
auction,1127,0:00:03.565674,0:00:03.120583
auction,1128,0:00:02.180241,0:00:01.772006
auction,1129,0:00:02.691396,0:00:02.310271
auction,1140,0:00:03.302367,0:00:02.640861
auction,1141,0:00:01.627561,0:00:01.624906
auction,1142,0:00:02.585513,0:00:02.220280
auction,1143,0:00:02.436775,0:00:02.435556
auction,1144,0:00:02.796628,0:00:02.794256
auction,1155,0:00:02.462705,0:00:02.461177
auction,1156,0:00:02.736030,0:00:02.732563
auction,1157,0:00:01.745633,0:00:01.741619
auction,1158,0:00:02.465492,0:00:02.462528
auction,1159,0:00:01.987563,0:00:01.982004
auction,1170,0:00:03.273684,0:00:02.881425
auction,1171,0:00:02.800238,0:00:02.797210
auction,1172,0:00:02.739564,0:00:02.737632
auction,1173,0:00:03.586711,0:00:02.911326
auction,1174,0:00:02.166677,0:00:02.162208
auction,1185,0:00:03.004924,0:00:02.611424
auction,1186,0:00:02.677309,0:00:02.675332
auction,1187,0:00:04.010273,0:00:03.330854
auction,1188,0:00:02.018682,0:00:01.985837
auction,1189,0:00:03.493959,0:00:02.762207
auction,1200,0:00:02.406694,0:00:02.406052
auction,1201,0:00:04.022744,0:00:03.331866
auction,1202,0:00:02.824304,0:00:02.822266
auction,1203,0:00:03.116729,0:00:02.760329
auction,1204,0:00:01.563547,0:00:01.561092
auction,1215,0:00:01.983958,0:00:01.982510
auction,1216,0:00:01.894980,0:00:01.891221
auction,1217,0:00:02.287117,0:00:02.284326
auction,1218,0:00:02.703244,0:00:02.701428
auction,1219,0:00:03.206930,0:00:02.850575
auction,1230,0:00:03.200503,0:00:02.850706
auction,1231,0:00:02.822463,0:00:02.430601
auction,1232,0:00:02.707875,0:00:02.701198
auction,1233,0:00:02.373353,0:00:02.371195
auction,1234,0:00:02.614218,0:00:02.610836
auction,1245,0:00:02.704466,0:00:02.702048
auction,1246,0:00:02.979079,0:00:02.640534
auction,1247,0:00:02.493250,0:00:02.490914
auction,1248,0:00:02.679445,0:00:02.675745
auction,1249,0:00:02.947660,0:00:02.944336
auction,1260,0:00:01.505488,0:00:01.504774
auction,1261,0:00:02.563998,0:00:02.190765
auction,1262,0:00:03.733853,0:00:03.061012
auction,1263,0:00:02.499371,0:00:02.130294
auction,1264,0:00:01.930209,0:00:01.922801
auction,1275,0:00:02.281565,0:00:02.280766
auction,1276,0:00:01.712694,0:00:01.711637
auction,1277,0:00:02.074456,0:00:02.071543
auction,1278,0:00:02.132371,0:00:02.131508
auction,1279,0:00:01.536734,0:00:01.535470
auction,1290,0:00:02.829343,0:00:02.827825
auction,1291,0:00:02.738692,0:00:02.737308
auction,1292,0:00:02.412862,0:00:02.011098
auction,1293,0:00:03.166111,0:00:02.820412
auction,1294,0:00:02.106402,0:00:01.740270
auction,1305,0:00:02.817553,0:00:02.400271
auction,1306,0:00:03.620856,0:00:03.210560
auction,1307,0:00:02.699032,0:00:02.310522
auction,1308,0:00:02.279954,0:00:01.860326
auction,1309,0:00:02.530605,0:00:02.521822
auction,1320,0:00:02.883023,0:00:02.882449
auction,1321,0:00:02.435270,0:00:02.434006
auction,1322,0:00:02.348058,0:00:02.345136
auction,1323,0:00:02.158399,0:00:01.801096
auction,1324,0:00:03.804276,0:00:02.821028
auction,1335,0:00:02.871979,0:00:02.490639
auction,1336,0:00:03.518973,0:00:03.090612
auction,1337,0:00:02.197911,0:00:02.193523
auction,1338,0:00:02.318066,0:00:01.922088
auction,1339,0:00:02.017751,0:00:02.013226
auction,1350,0:00:02.311928,0:00:02.310712
auction,1351,0:00:02.207929,0:00:02.166919
auction,1352,0:00:02.497736,0:00:02.432882
auction,1353,0:00:02.931861,0:00:02.884551
auction,1354,0:00:02.714620,0:00:02.675860
auction,1365,0:00:02.315344,0:00:02.314605
auction,1366,0:00:02.903349,0:00:02.550906
auction,1367,0:00:01.982102,0:00:01.981633
auction,1368,0:00:02.254137,0:00:02.252472
auction,1369,0:00:03.969351,0:00:03.570603
auction,1380,0:00:02.027561,0:00:01.650291
auction,1381,0:00:03.120478,0:00:02.761614
auction,1382,0:00:03.274349,0:00:02.940367
auction,1383,0:00:03.087156,0:00:02.670436
auction,1384,0:00:02.737802,0:00:02.732578
auction,1395,0:00:01.745882,0:00:01.744031
auction,1396,0:00:04.017006,0:00:03.631977
auction,1397,0:00:03.112051,0:00:02.731753
auction,1398,0:00:01.507575,0:00:01.501589
auction,1399,0:00:01.539547,0:00:01.532776
auction,1410,0:00:02.499256,0:00:02.497447
auction,1411,0:00:03.257911,0:00:02.881806
auction,1412,0:00:03.583568,0:00:02.850978
auction,1413,0:00:02.526151,0:00:02.522969
auction,1414,0:00:02.869152,0:00:02.851076
auction,1425,0:00:02.757433,0:00:02.400364
auction,1426,0:00:02.431771,0:00:01.740499
auction,1427,0:00:02.254596,0:00:01.890555
auction,1428,0:00:02.944474,0:00:02.941390
auction,1429,0:00:02.105836,0:00:02.101877
auction,1440,0:00:02.858912,0:00:02.850414
auction,1441,0:00:03.137803,0:00:02.760361
auction,1442,0:00:03.316743,0:00:02.970888
auction,1443,0:00:02.319606,0:00:02.310603
auction,1444,0:00:03.240489,0:00:02.851073
auction,1455,0:00:02.755217,0:00:02.400371
auction,1456,0:00:02.756311,0:00:02.371132
auction,1457,0:00:03.152370,0:00:02.730872
auction,1458,0:00:02.524183,0:00:02.522111
auction,1459,0:00:02.569725,0:00:02.191039
auction,1470,0:00:02.437758,0:00:02.437006
auction,1471,0:00:03.243802,0:00:02.252777
auction,1472,0:00:02.751152,0:00:02.401544
auction,1473,0:00:01.742202,0:00:01.740940
auction,1474,0:00:02.701612,0:00:02.700719
auction,1485,0:00:02.507965,0:00:02.161143
auction,1486,0:00:02.919453,0:00:02.913318
auction,1487,0:00:02.918781,0:00:02.911263
auction,1488,0:00:03.006810,0:00:03.001515
auction,1489,0:00:02.856381,0:00:02.851779
choice,5,0:00:02.322766,0:00:02.315037
choice,6,0:00:02.945271,0:00:02.944365
choice,7,0:00:02.837019,0:00:02.822685
choice,8,0:00:02.748031,0:00:02.732794
choice,9,0:00:02.867736,0:00:02.851011
choice,20,0:00:02.646126,0:00:02.643565
choice,21,0:00:02.463191,0:00:02.461411
choice,22,0:00:02.854878,0:00:02.850960
choice,23,0:00:01.874809,0:00:01.862129
choice,24,0:00:02.133567,0:00:02.131133
choice,35,0:00:02.950122,0:00:02.941078
choice,36,0:00:04.190255,0:00:04.053852
choice,37,0:00:02.811179,0:00:02.791232
choice,38,0:00:03.279958,0:00:03.210320
choice,39,0:00:02.199784,0:00:02.196914
choice,50,0:00:02.253940,0:00:02.250564
choice,51,0:00:02.918984,0:00:02.912198
choice,52,0:00:02.260107,0:00:02.250925
choice,53,0:00:02.477976,0:00:02.401442
choice,54,0:00:02.689438,0:00:02.672315
choice,65,0:00:02.163531,0:00:02.160648
choice,66,0:00:02.978270,0:00:02.974516
choice,67,0:00:01.514896,0:00:01.502929
choice,68,0:00:02.679722,0:00:02.670711
choice,69,0:00:02.408314,0:00:02.372125
choice,80,0:00:02.793167,0:00:02.791094
choice,81,0:00:02.465909,0:00:02.462679
choice,82,0:00:02.298181,0:00:02.280667
choice,83,0:00:02.976659,0:00:02.850740
choice,84,0:00:02.453392,0:00:02.415305
choice,95,0:00:01.833396,0:00:01.831997
choice,96,0:00:02.975459,0:00:02.910356
choice,97,0:00:01.896116,0:00:01.893918
choice,98,0:00:04.122201,0:00:04.054074
choice,99,0:00:02.584047,0:00:02.581983
choice,110,0:00:02.374425,0:00:02.373004
choice,111,0:00:01.990822,0:00:01.982110
choice,112,0:00:01.845702,0:00:01.837655
choice,113,0:00:02.795770,0:00:02.792483
choice,114,0:00:01.961729,0:00:01.952100
choice,125,0:00:02.027075,0:00:02.018877
choice,126,0:00:03.465954,0:00:03.455982
choice,127,0:00:02.495253,0:00:02.493448
choice,128,0:00:02.115159,0:00:02.113259
choice,129,0:00:02.859306,0:00:02.851111
choice,140,0:00:02.118870,0:00:02.107650
choice,141,0:00:01.944858,0:00:01.862583
choice,142,0:00:02.095460,0:00:02.072144
choice,143,0:00:02.568365,0:00:02.401498
choice,144,0:00:02.958566,0:00:02.941306
choice,155,0:00:02.916679,0:00:02.910829
choice,156,0:00:02.975342,0:00:02.972052
choice,157,0:00:03.466762,0:00:03.394288
choice,158,0:00:02.433202,0:00:02.430532
choice,159,0:00:03.006267,0:00:03.001635
choice,170,0:00:02.077614,0:00:02.072387
choice,171,0:00:02.762714,0:00:02.700856
choice,172,0:00:02.231367,0:00:02.160549
choice,173,0:00:01.925633,0:00:01.921857
choice,174,0:00:03.952354,0:00:03.841938
choice,185,0:00:02.168783,0:00:02.166771
choice,186,0:00:02.260342,0:00:02.251674
choice,187,0:00:01.743800,0:00:01.740292
choice,188,0:00:02.286543,0:00:02.280350
choice,189,0:00:02.014627,0:00:01.869132
choice,200,0:00:02.378203,0:00:02.371042
choice,201,0:00:01.567635,0:00:01.565196
choice,202,0:00:02.467476,0:00:02.460359
choice,203,0:00:02.707526,0:00:02.706790
choice,204,0:00:02.194577,0:00:02.192823
choice,215,0:00:02.915987,0:00:02.851731
choice,216,0:00:02.165388,0:00:02.162341
choice,217,0:00:01.926937,0:00:01.925037
choice,218,0:00:02.582558,0:00:02.580366
choice,219,0:00:02.238609,0:00:02.223263
choice,230,0:00:02.445064,0:00:02.433515
choice,231,0:00:02.500102,0:00:02.430354
choice,232,0:00:02.635039,0:00:02.611418
choice,233,0:00:02.750276,0:00:02.735059
choice,234,0:00:04.087828,0:00:04.020606
choice,245,0:00:02.134339,0:00:02.133107
choice,246,0:00:02.523575,0:00:02.521964
choice,247,0:00:02.072725,0:00:02.071858
choice,248,0:00:01.986207,0:00:01.980360
choice,249,0:00:02.915138,0:00:02.911060
choice,260,0:00:02.602079,0:00:02.583508
choice,261,0:00:02.687057,0:00:02.670511
choice,262,0:00:02.798482,0:00:02.792491
choice,263,0:00:01.881671,0:00:01.862654
choice,264,0:00:02.925990,0:00:02.883834
choice,275,0:00:02.764366,0:00:02.761386
choice,276,0:00:02.074976,0:00:02.072832
choice,277,0:00:02.586334,0:00:02.581208
choice,278,0:00:01.600057,0:00:01.597082
choice,279,0:00:02.311429,0:00:02.253160
choice,290,0:00:02.237952,0:00:02.223727
choice,291,0:00:02.947445,0:00:02.942810
choice,292,0:00:03.007869,0:00:03.001079
choice,293,0:00:02.123139,0:00:02.103393
choice,294,0:00:02.420844,0:00:02.401370
choice,305,0:00:01.717614,0:00:01.711803
choice,306,0:00:02.291261,0:00:02.282699
choice,307,0:00:02.774840,0:00:02.763121
choice,308,0:00:02.258749,0:00:02.253182
choice,309,0:00:01.926688,0:00:01.921670
choice,320,0:00:02.555706,0:00:02.554154
choice,321,0:00:02.746067,0:00:02.730911
choice,322,0:00:02.288948,0:00:02.280638
choice,323,0:00:02.778609,0:00:02.761619
choice,324,0:00:02.376479,0:00:02.371590
choice,335,0:00:02.555639,0:00:02.551020
choice,336,0:00:02.635958,0:00:02.556316
choice,337,0:00:02.552658,0:00:02.551028
choice,338,0:00:02.161703,0:00:02.160750
choice,339,0:00:03.855311,0:00:03.782349
choice,350,0:00:02.772555,0:00:02.761237
choice,351,0:00:02.654772,0:00:02.581419
choice,352,0:00:02.644225,0:00:02.640288
choice,353,0:00:02.105648,0:00:02.102277
choice,354,0:00:02.468028,0:00:02.462019
choice,365,0:00:01.927920,0:00:01.864533
choice,366,0:00:01.840197,0:00:01.834036
choice,367,0:00:01.994700,0:00:01.982620
choice,368,0:00:02.734742,0:00:02.700716
choice,369,0:00:02.583816,0:00:02.582237
choice,380,0:00:02.357854,0:00:02.341562
choice,381,0:00:02.860715,0:00:02.851974
choice,382,0:00:02.893545,0:00:02.881199
choice,383,0:00:03.006981,0:00:03.000595
choice,384,0:00:04.584864,0:00:04.440959
choice,395,0:00:01.643802,0:00:01.620609
choice,396,0:00:02.643445,0:00:02.641838
choice,397,0:00:04.453207,0:00:04.320372
choice,398,0:00:02.497174,0:00:02.490457
choice,399,0:00:01.903061,0:00:01.891576
choice,410,0:00:03.141081,0:00:03.061903
choice,411,0:00:02.531698,0:00:02.522286
choice,412,0:00:02.701573,0:00:02.700302
choice,413,0:00:02.517571,0:00:02.490377
choice,414,0:00:02.026980,0:00:01.925590
choice,425,0:00:02.705657,0:00:02.700653
choice,426,0:00:02.165026,0:00:02.161765
choice,427,0:00:03.006121,0:00:03.001897
choice,428,0:00:02.493016,0:00:02.491332
choice,429,0:00:02.314109,0:00:02.251735
choice,440,0:00:02.505274,0:00:02.495321
choice,441,0:00:02.614053,0:00:02.611697
choice,442,0:00:01.961517,0:00:01.954307
choice,443,0:00:01.540146,0:00:01.534822
choice,444,0:00:02.123396,0:00:02.102829
choice,455,0:00:03.074497,0:00:03.002736
choice,456,0:00:02.724839,0:00:02.674049
choice,457,0:00:03.800509,0:00:03.660531
choice,458,0:00:02.876950,0:00:02.824468
choice,459,0:00:02.983050,0:00:02.910409
choice,470,0:00:02.511297,0:00:02.505249
choice,471,0:00:02.603752,0:00:02.581431
choice,472,0:00:02.280870,0:00:02.252765
choice,473,0:00:02.560376,0:00:02.522736
choice,474,0:00:02.543750,0:00:02.521925
choice,485,0:00:02.413527,0:00:02.410028
choice,486,0:00:02.746957,0:00:02.730418
choice,487,0:00:02.624917,0:00:02.610969
choice,488,0:00:02.875152,0:00:02.853457
choice,489,0:00:02.889113,0:00:02.881189
choice,500,0:00:03.005450,0:00:03.000929
choice,501,0:00:02.802967,0:00:02.793586
choice,502,0:00:02.524407,0:00:02.521052
choice,503,0:00:03.015223,0:00:03.001672
choice,504,0:00:02.290751,0:00:02.281166
choice,515,0:00:01.603238,0:00:01.593310
choice,516,0:00:02.828199,0:00:02.820696
choice,517,0:00:02.651788,0:00:02.640421
choice,518,0:00:02.856788,0:00:02.850382
choice,519,0:00:02.993176,0:00:02.940763
choice,530,0:00:02.442758,0:00:02.371013
choice,531,0:00:02.677384,0:00:02.673087
choice,532,0:00:02.882620,0:00:02.880692
choice,533,0:00:02.657706,0:00:02.642750
choice,534,0:00:02.259556,0:00:02.251960
choice,545,0:00:03.382016,0:00:03.360460
choice,546,0:00:02.562427,0:00:02.553875
choice,547,0:00:01.993381,0:00:01.982044
choice,548,0:00:02.863515,0:00:02.855062
choice,549,0:00:02.735368,0:00:02.731060
choice,560,0:00:02.224739,0:00:02.222593
choice,561,0:00:02.206753,0:00:02.191307
choice,562,0:00:02.827881,0:00:02.823720
choice,563,0:00:02.771575,0:00:02.763250
choice,564,0:00:02.913805,0:00:02.911337
choice,575,0:00:01.806472,0:00:01.804445
choice,576,0:00:01.747530,0:00:01.741523
choice,577,0:00:02.629137,0:00:02.580645
choice,578,0:00:02.679649,0:00:02.670661
choice,579,0:00:02.282572,0:00:02.280931
choice,590,0:00:02.722134,0:00:02.640706
choice,591,0:00:02.796320,0:00:02.793284
choice,592,0:00:02.801360,0:00:02.790325
choice,593,0:00:02.706432,0:00:02.701368
choice,594,0:00:02.945032,0:00:02.940899
choice,605,0:00:02.590046,0:00:02.583568
choice,606,0:00:02.884626,0:00:02.820819
choice,607,0:00:02.564258,0:00:02.551325
choice,608,0:00:03.926295,0:00:03.811785
choice,609,0:00:01.988270,0:00:01.984651
choice,620,0:00:02.893096,0:00:02.882136
choice,621,0:00:02.792815,0:00:02.791175
choice,622,0:00:02.906388,0:00:02.763789
choice,623,0:00:03.015148,0:00:03.002248
choice,624,0:00:02.775580,0:00:02.772269
choice,635,0:00:02.558357,0:00:02.554775
choice,636,0:00:03.004780,0:00:03.001959
choice,637,0:00:02.584788,0:00:02.581281
choice,638,0:00:03.010463,0:00:03.003388
choice,639,0:00:02.677399,0:00:02.671948
choice,650,0:00:02.971252,0:00:02.941648
choice,651,0:00:02.550857,0:00:02.521596
choice,652,0:00:02.409964,0:00:02.401839
choice,653,0:00:02.524025,0:00:02.522675
choice,654,0:00:02.859429,0:00:02.850784
choice,665,0:00:02.075699,0:00:02.071500
choice,666,0:00:02.418611,0:00:02.404625
choice,667,0:00:01.759070,0:00:01.741562
choice,668,0:00:01.505204,0:00:01.503584
choice,669,0:00:02.290463,0:00:02.281719
choice,680,0:00:03.031083,0:00:03.000952
choice,681,0:00:02.257507,0:00:02.227843
choice,682,0:00:02.260364,0:00:02.253093
choice,683,0:00:02.616037,0:00:02.550322
choice,684,0:00:02.347612,0:00:02.315473
choice,695,0:00:02.291619,0:00:02.280774
choice,696,0:00:02.944715,0:00:02.940453
choice,697,0:00:03.330636,0:00:03.246629
choice,698,0:00:02.555453,0:00:02.551924
choice,699,0:00:01.922547,0:00:01.920291
choice,710,0:00:02.150547,0:00:02.133017
choice,711,0:00:01.697372,0:00:01.629002
choice,712,0:00:02.429416,0:00:02.310924
choice,713,0:00:02.584055,0:00:02.552090
choice,714,0:00:02.021826,0:00:01.922554
choice,725,0:00:02.077601,0:00:02.076172
choice,726,0:00:02.377565,0:00:02.375224
choice,727,0:00:02.499269,0:00:02.495414
choice,728,0:00:02.676416,0:00:02.673443
choice,729,0:00:03.028247,0:00:03.001319
choice,740,0:00:02.950685,0:00:02.948217
choice,741,0:00:02.978419,0:00:02.976900
choice,742,0:00:02.406191,0:00:02.281694
choice,743,0:00:02.676920,0:00:02.674983
choice,744,0:00:02.765886,0:00:02.765210
choice,755,0:00:02.836368,0:00:02.823614
choice,756,0:00:02.657190,0:00:02.611306
choice,757,0:00:02.418288,0:00:02.411368
choice,758,0:00:02.682901,0:00:02.522563
choice,759,0:00:02.139431,0:00:02.134076
choice,770,0:00:02.650313,0:00:02.644988
choice,771,0:00:01.873036,0:00:01.863805
choice,772,0:00:01.755233,0:00:01.745363
choice,773,0:00:01.634052,0:00:01.624928
choice,774,0:00:02.017206,0:00:02.012071
choice,785,0:00:02.433577,0:00:02.431824
choice,786,0:00:02.433159,0:00:02.431147
choice,787,0:00:01.599811,0:00:01.591252
choice,788,0:00:02.466731,0:00:02.462708
choice,789,0:00:02.378737,0:00:02.373754
choice,800,0:00:02.781194,0:00:02.763280
choice,801,0:00:01.926654,0:00:01.920716
choice,802,0:00:02.253892,0:00:02.250594
choice,803,0:00:02.911678,0:00:02.790267
choice,804,0:00:02.233581,0:00:02.165208
choice,815,0:00:02.709201,0:00:02.700821
choice,816,0:00:01.954124,0:00:01.951181
choice,817,0:00:02.972536,0:00:02.971491
choice,818,0:00:02.139213,0:00:02.138038
choice,819,0:00:02.492782,0:00:02.491126
choice,830,0:00:03.954719,0:00:03.750845
choice,831,0:00:02.944852,0:00:02.940423
choice,832,0:00:02.194161,0:00:02.041030
choice,833,0:00:02.982574,0:00:02.971878
choice,834,0:00:02.022077,0:00:02.011664
choice,845,0:00:02.590976,0:00:02.588104
choice,846,0:00:02.470413,0:00:02.467716
choice,847,0:00:02.256521,0:00:02.254141
choice,848,0:00:02.527221,0:00:02.525241
choice,849,0:00:02.706540,0:00:02.704277
choice,860,0:00:03.050261,0:00:02.970607
choice,861,0:00:02.914332,0:00:02.911411
choice,862,0:00:02.709044,0:00:02.700993
choice,863,0:00:02.855123,0:00:02.850581
choice,864,0:00:02.773453,0:00:02.760764
choice,875,0:00:02.463414,0:00:02.461565
choice,876,0:00:02.706705,0:00:02.701111
choice,877,0:00:02.356188,0:00:02.349962
choice,878,0:00:04.005574,0:00:03.884044
choice,879,0:00:02.412357,0:00:02.400318
choice,890,0:00:02.873252,0:00:02.851330
choice,891,0:00:02.738184,0:00:02.732357
choice,892,0:00:02.558625,0:00:02.550893
choice,893,0:00:01.665462,0:00:01.655784
choice,894,0:00:02.294463,0:00:02.281244
choice,905,0:00:02.390501,0:00:02.340937
choice,906,0:00:02.583307,0:00:02.526382
choice,907,0:00:01.748957,0:00:01.692172
choice,908,0:00:02.691436,0:00:02.640723
choice,909,0:00:02.130274,0:00:02.010716
choice,920,0:00:01.900493,0:00:01.890708
choice,921,0:00:01.803012,0:00:01.800309
choice,922,0:00:02.887772,0:00:02.881123
choice,923,0:00:02.614702,0:00:02.611507
choice,924,0:00:02.950726,0:00:02.942537
choice,935,0:00:02.026402,0:00:02.025526
choice,936,0:00:02.412679,0:00:02.411495
choice,937,0:00:02.862375,0:00:02.858974
choice,938,0:00:02.097752,0:00:02.040501
choice,939,0:00:02.590950,0:00:02.585344
choice,950,0:00:02.078338,0:00:02.071625
choice,951,0:00:02.984511,0:00:02.971438
choice,952,0:00:02.709404,0:00:02.701196
choice,953,0:00:02.555377,0:00:02.552012
choice,954,0:00:02.962321,0:00:02.942103
choice,965,0:00:02.927475,0:00:02.853236
choice,966,0:00:02.740641,0:00:02.671955
choice,967,0:00:02.565260,0:00:02.550884
choice,968,0:00:02.985996,0:00:02.971034
choice,969,0:00:04.199665,0:00:04.110409
choice,980,0:00:02.319898,0:00:02.314562
choice,981,0:00:02.981824,0:00:02.976234
choice,982,0:00:02.439565,0:00:02.431493
choice,983,0:00:02.024307,0:00:02.011127
choice,984,0:00:02.540212,0:00:02.524253
choice,995,0:00:02.557569,0:00:02.555525
choice,996,0:00:02.837781,0:00:02.827570
choice,997,0:00:02.797376,0:00:02.796528
choice,998,0:00:02.716854,0:00:02.713854
choice,999,0:00:02.351760,0:00:02.341593
choice,1010,0:00:02.803039,0:00:02.791606
choice,1011,0:00:02.434834,0:00:02.430969
choice,1012,0:00:01.894923,0:00:01.892440
choice,1013,0:00:01.960714,0:00:01.951207
choice,1014,0:00:02.912905,0:00:02.853189
choice,1025,0:00:01.895548,0:00:01.893625
choice,1026,0:00:02.649421,0:00:02.642256
choice,1027,0:00:02.621199,0:00:02.617318
choice,1028,0:00:02.591064,0:00:02.588699
choice,1029,0:00:02.712880,0:00:02.701394
choice,1040,0:00:02.537788,0:00:02.372334
choice,1041,0:00:02.473663,0:00:02.462460
choice,1042,0:00:02.628835,0:00:02.611845
choice,1043,0:00:02.031395,0:00:02.014658
choice,1044,0:00:02.270663,0:00:02.251348
choice,1055,0:00:01.534955,0:00:01.534334
choice,1056,0:00:02.074513,0:00:02.073721
choice,1057,0:00:03.360774,0:00:03.217612
choice,1058,0:00:01.690847,0:00:01.682758
choice,1059,0:00:02.437016,0:00:02.431496
choice,1070,0:00:02.624601,0:00:02.611335
choice,1071,0:00:02.408061,0:00:02.401081
choice,1072,0:00:02.919268,0:00:02.910876
choice,1073,0:00:02.347489,0:00:02.340729
choice,1074,0:00:01.598146,0:00:01.590898
choice,1085,0:00:01.540009,0:00:01.537749
choice,1086,0:00:02.535331,0:00:02.522345
choice,1087,0:00:02.627424,0:00:02.610892
choice,1088,0:00:02.390917,0:00:02.376054
choice,1089,0:00:02.496199,0:00:02.490789
choice,1100,0:00:02.512309,0:00:02.492638
choice,1101,0:00:02.063083,0:00:02.042053
choice,1102,0:00:02.505085,0:00:02.462917
choice,1103,0:00:03.422001,0:00:03.332423
choice,1104,0:00:02.851759,0:00:02.823208
choice,1115,0:00:01.782554,0:00:01.770810
choice,1116,0:00:02.212467,0:00:02.192952
choice,1117,0:00:02.923189,0:00:02.912058
choice,1118,0:00:02.342010,0:00:02.284237
choice,1119,0:00:02.440978,0:00:02.430432
choice,1130,0:00:02.680232,0:00:02.671604
choice,1131,0:00:02.712632,0:00:02.641108
choice,1132,0:00:02.859756,0:00:02.790346
choice,1133,0:00:01.645832,0:00:01.620849
choice,1134,0:00:02.333399,0:00:02.313445
choice,1145,0:00:02.949054,0:00:02.881114
choice,1146,0:00:01.627631,0:00:01.622596
choice,1147,0:00:02.517528,0:00:02.402540
choice,1148,0:00:02.437634,0:00:02.431506
choice,1149,0:00:02.803117,0:00:02.791733
choice,1160,0:00:02.463514,0:00:02.460927
choice,1161,0:00:02.733409,0:00:02.730771
choice,1162,0:00:01.743994,0:00:01.741488
choice,1163,0:00:02.465467,0:00:02.462161
choice,1164,0:00:01.983899,0:00:01.982135
choice,1175,0:00:02.008524,0:00:01.984223
choice,1176,0:00:02.794606,0:00:02.790965
choice,1177,0:00:02.733957,0:00:02.731521
choice,1178,0:00:02.933823,0:00:02.913659
choice,1179,0:00:02.167653,0:00:02.164379
choice,1190,0:00:02.640334,0:00:02.615053
choice,1191,0:00:02.697100,0:00:02.694579
choice,1192,0:00:03.563322,0:00:03.420700
choice,1193,0:00:01.992438,0:00:01.988818
choice,1194,0:00:01.735103,0:00:01.650686
choice,1205,0:00:02.402722,0:00:02.401551
choice,1206,0:00:02.161936,0:00:02.042114
choice,1207,0:00:02.825412,0:00:02.821667
choice,1208,0:00:02.773339,0:00:02.762076
choice,1209,0:00:01.562775,0:00:01.561981
choice,1220,0:00:01.985186,0:00:01.981578
choice,1221,0:00:01.897514,0:00:01.894741
choice,1222,0:00:02.282780,0:00:02.280610
choice,1223,0:00:02.704696,0:00:02.702629
choice,1224,0:00:02.857031,0:00:02.850751
choice,1235,0:00:02.975048,0:00:02.940383
choice,1236,0:00:03.037270,0:00:02.973475
choice,1237,0:00:02.706456,0:00:02.701612
choice,1238,0:00:02.374597,0:00:02.370348
choice,1239,0:00:02.617276,0:00:02.612438
choice,1250,0:00:02.705917,0:00:02.704911
choice,1251,0:00:02.855873,0:00:02.851230
choice,1252,0:00:02.494493,0:00:02.492220
choice,1253,0:00:02.673390,0:00:02.671546
choice,1254,0:00:02.943106,0:00:02.941891
choice,1265,0:00:01.505118,0:00:01.502398
choice,1266,0:00:01.921842,0:00:01.861605
choice,1267,0:00:04.065172,0:00:03.904513
choice,1268,0:00:02.142162,0:00:02.132348
choice,1269,0:00:01.925516,0:00:01.923553
choice,1280,0:00:02.285639,0:00:02.281146
choice,1281,0:00:01.716272,0:00:01.713660
choice,1282,0:00:02.078167,0:00:02.073216
choice,1283,0:00:02.140603,0:00:02.130528
choice,1284,0:00:01.536871,0:00:01.531239
choice,1295,0:00:02.826428,0:00:02.825684
choice,1296,0:00:02.734550,0:00:02.732284
choice,1297,0:00:02.387489,0:00:02.370514
choice,1298,0:00:02.829506,0:00:02.821194
choice,1299,0:00:01.759353,0:00:01.745512
choice,1310,0:00:02.405795,0:00:02.401449
choice,1311,0:00:03.754792,0:00:03.723340
choice,1312,0:00:03.354229,0:00:03.271715
choice,1313,0:00:01.870164,0:00:01.861976
choice,1314,0:00:02.524355,0:00:02.520809
choice,1325,0:00:02.885210,0:00:02.880999
choice,1326,0:00:02.432921,0:00:02.430439
choice,1327,0:00:02.344568,0:00:02.341789
choice,1328,0:00:01.815168,0:00:01.808648
choice,1329,0:00:04.393812,0:00:04.260649
choice,1340,0:00:02.507739,0:00:02.491270
choice,1341,0:00:03.647206,0:00:03.570950
choice,1342,0:00:02.193843,0:00:02.191797
choice,1343,0:00:03.035696,0:00:03.004990
choice,1344,0:00:02.018450,0:00:02.013508
choice,1355,0:00:02.354782,0:00:02.313887
choice,1356,0:00:02.210713,0:00:02.161655
choice,1357,0:00:02.475321,0:00:02.430934
choice,1358,0:00:02.936904,0:00:02.885013
choice,1359,0:00:02.717464,0:00:02.672655
choice,1370,0:00:02.312643,0:00:02.311143
choice,1371,0:00:02.713638,0:00:02.640306
choice,1372,0:00:01.987222,0:00:01.983771
choice,1373,0:00:02.260379,0:00:02.258452
choice,1374,0:00:01.920705,0:00:01.772528
choice,1385,0:00:01.662343,0:00:01.657517
choice,1386,0:00:02.732305,0:00:02.671483
choice,1387,0:00:02.955404,0:00:02.940356
choice,1388,0:00:02.687400,0:00:02.670393
choice,1389,0:00:02.744978,0:00:02.732897
choice,1400,0:00:01.743283,0:00:01.740693
choice,1401,0:00:02.522687,0:00:02.461485
choice,1402,0:00:02.742167,0:00:02.731679
choice,1403,0:00:01.505230,0:00:01.502575
choice,1404,0:00:01.534632,0:00:01.533344
choice,1415,0:00:02.505347,0:00:02.491191
choice,1416,0:00:03.760701,0:00:03.660498
choice,1417,0:00:03.897117,0:00:03.728348
choice,1418,0:00:02.538079,0:00:02.522950
choice,1419,0:00:02.863669,0:00:02.851029
choice,1430,0:00:02.754502,0:00:02.730772
choice,1431,0:00:01.947574,0:00:01.936272
choice,1432,0:00:02.799489,0:00:02.790771
choice,1433,0:00:02.961709,0:00:02.953965
choice,1434,0:00:02.114850,0:00:02.107789
choice,1445,0:00:02.854111,0:00:02.850935
choice,1446,0:00:04.036268,0:00:03.938110
choice,1447,0:00:03.715390,0:00:03.630693
choice,1448,0:00:02.317616,0:00:02.312320
choice,1449,0:00:02.869387,0:00:02.854172
choice,1460,0:00:02.414515,0:00:02.405648
choice,1461,0:00:02.383777,0:00:02.373542
choice,1462,0:00:02.037119,0:00:02.011552
choice,1463,0:00:02.527382,0:00:02.525421
choice,1464,0:00:02.205332,0:00:02.192605
choice,1475,0:00:02.434974,0:00:02.432346
choice,1476,0:00:03.049062,0:00:02.972512
choice,1477,0:00:02.411650,0:00:02.401162
choice,1478,0:00:01.747675,0:00:01.743676
choice,1479,0:00:02.702868,0:00:02.700498
choice,1490,0:00:02.286154,0:00:02.280716
choice,1491,0:00:02.922038,0:00:02.917062
choice,1492,0:00:02.917473,0:00:02.914196
choice,1493,0:00:03.005455,0:00:03.001735
choice,1494,0:00:02.854515,0:00:02.851880
battistoni,10,0:00:02.305358,0:00:20.212985
battistoni,11,0:00:02.417351,0:00:24.065602
battistoni,12,0:00:02.524367,0:00:20.806974
battistoni,13,0:00:02.445386,0:00:29.657764
battistoni,14,0:00:02.679871,0:00:16.630656
battistoni,25,0:00:02.280169,0:00:22.656805
battistoni,26,0:00:01.867819,0:00:17.106606
battistoni,27,0:00:01.939125,0:00:15.922209
battistoni,28,0:00:01.697979,0:00:16.549129
battistoni,29,0:00:01.681066,0:00:15.447091
battistoni,40,0:00:02.030237,0:00:23.769765
battistoni,41,0:00:01.831679,0:00:13.711986
battistoni,42,0:00:02.670747,0:00:13.906029
battistoni,43,0:00:02.117144,0:00:11.821602
battistoni,44,0:00:02.075469,0:00:18.437507
battistoni,55,0:00:02.210113,0:00:23.602780
battistoni,56,0:00:02.445726,0:00:12.757021
battistoni,57,0:00:01.898427,0:00:20.777729
battistoni,58,0:00:01.911117,0:00:17.081854
battistoni,59,0:00:02.018113,0:00:19.574357
battistoni,70,0:00:02.136678,0:00:16.722370
battistoni,71,0:00:01.848517,0:00:20.630168
battistoni,72,0:00:01.507042,0:00:13.646427
battistoni,73,0:00:02.144797,0:00:15.108054
battistoni,74,0:00:01.752416,0:00:06.956285
battistoni,85,0:00:01.903030,0:00:20.337763
battistoni,86,0:00:01.773826,0:00:14.641449
battistoni,87,0:00:01.926261,0:00:17.253694
battistoni,88,0:00:02.071818,0:00:15.438061
battistoni,89,0:00:01.861307,0:00:17.505948
battistoni,100,0:00:01.702904,0:00:20.361363
battistoni,101,0:00:01.947474,0:00:18.918153
battistoni,102,0:00:01.895932,0:00:21.202070
battistoni,103,0:00:01.758424,0:00:12.303977
battistoni,104,0:00:01.817751,0:00:16.902737
battistoni,115,0:00:02.090745,0:00:27.397235
battistoni,116,0:00:01.993307,0:00:19.242256
battistoni,117,0:00:01.863746,0:00:11.925235
battistoni,118,0:00:02.220963,0:00:20.456141
battistoni,119,0:00:01.634385,0:00:16.817090
battistoni,130,0:00:02.021869,0:00:21.185459
battistoni,131,0:00:01.570664,0:00:12.993359
battistoni,132,0:00:01.525730,0:00:13.207842
battistoni,133,0:00:02.095409,0:00:26.869707
battistoni,134,0:00:02.096669,0:00:19.629669
battistoni,145,0:00:01.964851,0:00:22.457870
battistoni,146,0:00:01.987358,0:00:16.682062
battistoni,147,0:00:02.098265,0:00:22.128879
battistoni,148,0:00:01.703980,0:00:16.847770
battistoni,149,0:00:01.873283,0:00:17.689509
battistoni,160,0:00:01.741190,0:00:15.491570
battistoni,161,0:00:01.526196,0:00:17.733993
battistoni,162,0:00:01.870019,0:00:14.374140
battistoni,163,0:00:01.824781,0:00:16.809440
battistoni,164,0:00:01.790492,0:00:18.563994
battistoni,175,0:00:01.999590,0:00:15.905690
battistoni,176,0:00:01.730458,0:00:14.384951
battistoni,177,0:00:02.365193,0:00:16.840921
battistoni,178,0:00:01.915187,0:00:20.345794
battistoni,179,0:00:02.713511,0:00:16.301527
battistoni,190,0:00:01.970846,0:00:18.238424
battistoni,191,0:00:02.206443,0:00:12.701318
battistoni,192,0:00:01.748486,0:00:16.718934
battistoni,193,0:00:02.155698,0:00:17.068985
battistoni,194,0:00:02.060714,0:00:13.466590
battistoni,205,0:00:02.008216,0:00:24.179069
battistoni,206,0:00:01.565251,0:00:07.873800
battistoni,207,0:00:02.044396,0:00:17.569644
battistoni,208,0:00:02.292567,0:00:20.773944
battistoni,209,0:00:01.757310,0:00:23.144693
battistoni,220,0:00:01.787505,0:00:13.981619
battistoni,221,0:00:02.003384,0:00:19.797475
battistoni,222,0:00:01.929851,0:00:19.038034
battistoni,223,0:00:01.754525,0:00:20.269828
battistoni,224,0:00:02.209001,0:00:23.605267
battistoni,235,0:00:02.120865,0:00:20.424748
battistoni,236,0:00:02.115831,0:00:11.885446
battistoni,237,0:00:01.819713,0:00:14.934225
battistoni,238,0:00:01.869582,0:00:18.445090
battistoni,239,0:00:01.707173,0:00:11.956660
battistoni,250,0:00:01.900411,0:00:15.638402
battistoni,251,0:00:01.548867,0:00:17.736640
battistoni,252,0:00:02.023145,0:00:15.017760
battistoni,253,0:00:01.802020,0:00:16.052552
battistoni,254,0:00:02.201646,0:00:13.635709
battistoni,265,0:00:01.840660,0:00:18.948941
battistoni,266,0:00:02.229664,0:00:15.148323
battistoni,267,0:00:01.956300,0:00:13.827954
battistoni,268,0:00:01.904381,0:00:12.656397
battistoni,269,0:00:02.075200,0:00:16.073541
battistoni,280,0:00:02.027680,0:00:21.254266
battistoni,281,0:00:02.077904,0:00:14.300420
battistoni,282,0:00:02.044333,0:00:10.724146
battistoni,283,0:00:01.575773,0:00:12.708280
battistoni,284,0:00:01.891130,0:00:16.679711
battistoni,295,0:00:01.829996,0:00:20.285316
battistoni,296,0:00:01.701177,0:00:16.699029
battistoni,297,0:00:01.695876,0:00:14.515850
battistoni,298,0:00:01.706572,0:00:20.621628
battistoni,299,0:00:02.305634,0:00:17.535999
battistoni,310,0:00:01.632891,0:00:16.542501
battistoni,311,0:00:02.115580,0:00:17.252918
battistoni,312,0:00:02.091903,0:00:21.239225
battistoni,313,0:00:01.654965,0:00:13.871990
battistoni,314,0:00:01.929937,0:00:16.902270
battistoni,325,0:00:02.061586,0:00:18.776688
battistoni,326,0:00:01.813513,0:00:16.305726
battistoni,327,0:00:01.753210,0:00:16.287570
battistoni,328,0:00:01.646784,0:00:18.914740
battistoni,329,0:00:02.014610,0:00:18.106639
battistoni,340,0:00:01.781905,0:00:20.463350
battistoni,341,0:00:01.683848,0:00:11.583060
battistoni,342,0:00:01.690131,0:00:18.968886
battistoni,343,0:00:01.703016,0:00:16.116906
battistoni,344,0:00:01.650044,0:00:13.469125
battistoni,355,0:00:01.846083,0:00:20.783564
battistoni,356,0:00:01.606122,0:00:17.328117
battistoni,357,0:00:01.678926,0:00:15.546010
battistoni,358,0:00:01.655601,0:00:15.213971
battistoni,359,0:00:02.112569,0:00:17.719002
battistoni,370,0:00:02.059557,0:00:21.896917
battistoni,371,0:00:01.759879,0:00:19.236094
battistoni,372,0:00:02.028814,0:00:22.357233
battistoni,373,0:00:02.671399,0:00:18.426988
battistoni,374,0:00:01.881694,0:00:17.975935
battistoni,385,0:00:02.367827,0:00:24.962310
battistoni,386,0:00:02.821163,0:00:14.251726
battistoni,387,0:00:02.089235,0:00:13.633883
battistoni,388,0:00:02.351443,0:00:22.051806
battistoni,389,0:00:01.942990,0:00:14.739354
battistoni,400,0:00:01.695103,0:00:22.520750
battistoni,401,0:00:01.793160,0:00:13.303518
battistoni,402,0:00:01.800637,0:00:14.908245
battistoni,403,0:00:01.714009,0:00:25.660859
battistoni,404,0:00:01.920322,0:00:16.535937
battistoni,415,0:00:02.219456,0:00:20.153434
battistoni,416,0:00:02.225893,0:00:21.980384
battistoni,417,0:00:02.139710,0:00:15.261349
battistoni,418,0:00:01.760759,0:00:20.178690
battistoni,419,0:00:02.009245,0:00:12.821654
battistoni,430,0:00:01.731195,0:00:21.613652
battistoni,431,0:00:01.889354,0:00:13.101017
battistoni,432,0:00:01.915886,0:00:16.467888
battistoni,433,0:00:02.081939,0:00:12.991936
battistoni,434,0:00:01.579861,0:00:15.817875
battistoni,445,0:00:02.016708,0:00:22.071893
battistoni,446,0:00:02.303760,0:00:22.524045
battistoni,447,0:00:01.979652,0:00:15.032252
battistoni,448,0:00:01.538533,0:00:13.567245
battistoni,449,0:00:02.029725,0:00:19.869196
battistoni,460,0:00:02.082903,0:00:26.480865
battistoni,461,0:00:02.210105,0:00:16.941102
battistoni,462,0:00:01.755795,0:00:13.812246
battistoni,463,0:00:01.783241,0:00:17.666307
battistoni,464,0:00:01.852376,0:00:16.802171
battistoni,475,0:00:01.597978,0:00:14.553528
battistoni,476,0:00:02.446683,0:00:16.476258
battistoni,477,0:00:02.050493,0:00:15.335763
battistoni,478,0:00:01.779852,0:00:21.075023
battistoni,479,0:00:01.980445,0:00:18.531155
battistoni,490,0:00:01.668753,0:00:12.184548
battistoni,491,0:00:01.994450,0:00:16.155826
battistoni,492,0:00:01.816975,0:00:18.083121
battistoni,493,0:00:01.866684,0:00:18.573524
battistoni,494,0:00:01.772694,0:00:15.267440
battistoni,505,0:00:01.891067,0:00:25.263305
battistoni,506,0:00:02.413676,0:00:25.806198
battistoni,507,0:00:01.859980,0:00:23.136413
battistoni,508,0:00:01.739427,0:00:20.136548
battistoni,509,0:00:02.148766,0:00:17.889807
battistoni,520,0:00:01.609474,0:00:12.400465
battistoni,521,0:00:01.802061,0:00:18.181928
battistoni,522,0:00:02.210367,0:00:18.052103
battistoni,523,0:00:02.104351,0:00:19.953454
battistoni,524,0:00:01.880806,0:00:12.285278
battistoni,535,0:00:01.824174,0:00:13.737205
battistoni,536,0:00:01.944779,0:00:21.683891
battistoni,537,0:00:01.560117,0:00:18.457888
battistoni,538,0:00:02.084829,0:00:19.379790
battistoni,539,0:00:01.598707,0:00:16.391198
battistoni,550,0:00:02.494585,0:00:11.871328
battistoni,551,0:00:01.779871,0:00:17.893110
battistoni,552,0:00:02.008481,0:00:07.148950
battistoni,553,0:00:02.119799,0:00:24.045541
battistoni,554,0:00:02.033207,0:00:20.282999
battistoni,565,0:00:02.224705,0:00:11.176721
battistoni,566,0:00:01.741400,0:00:12.367299
battistoni,567,0:00:02.382336,0:00:21.498383
battistoni,568,0:00:02.382318,0:00:17.666301
battistoni,569,0:00:01.896897,0:00:16.056273
battistoni,580,0:00:01.810789,0:00:16.279375
battistoni,581,0:00:01.769358,0:00:15.858846
battistoni,582,0:00:02.066446,0:00:13.372023
battistoni,583,0:00:02.128154,0:00:20.176259
battistoni,584,0:00:01.789993,0:00:14.941002
battistoni,595,0:00:02.581386,0:00:13.518148
battistoni,596,0:00:02.049177,0:00:20.861572
battistoni,597,0:00:01.602362,0:00:16.577477
battistoni,598,0:00:02.266947,0:00:23.245441
battistoni,599,0:00:02.086147,0:00:24.281039
battistoni,610,0:00:01.698560,0:00:21.214147
battistoni,611,0:00:01.969107,0:00:21.228004
battistoni,612,0:00:01.617415,0:00:13.486615
battistoni,613,0:00:02.066395,0:00:12.041509
battistoni,614,0:00:01.844052,0:00:21.929652
battistoni,625,0:00:01.812150,0:00:11.369967
battistoni,626,0:00:01.743995,0:00:18.773717
battistoni,627,0:00:01.972299,0:00:18.059367
battistoni,628,0:00:02.022636,0:00:24.091022
battistoni,629,0:00:01.700484,0:00:17.988504
battistoni,640,0:00:01.858496,0:00:20.820880
battistoni,641,0:00:01.850501,0:00:19.786476
battistoni,642,0:00:02.184103,0:00:17.725359
battistoni,643,0:00:01.734976,0:00:14.150220
battistoni,644,0:00:01.644677,0:00:14.607439
battistoni,655,0:00:02.161156,0:00:17.881429
battistoni,656,0:00:02.269786,0:00:21.051549
battistoni,657,0:00:02.004632,0:00:17.189943
battistoni,658,0:00:01.730069,0:00:19.060383
battistoni,659,0:00:01.995069,0:00:22.321270
battistoni,670,0:00:01.852000,0:00:16.459941
battistoni,671,0:00:02.437241,0:00:16.020403
battistoni,672,0:00:01.624854,0:00:15.344083
battistoni,673,0:00:01.505469,0:00:19.028685
battistoni,674,0:00:01.907310,0:00:24.499999
battistoni,685,0:00:01.959553,0:00:15.236892
battistoni,686,0:00:02.054985,0:00:15.731448
battistoni,687,0:00:01.810147,0:00:14.722117
battistoni,688,0:00:02.425399,0:00:19.233916
battistoni,689,0:00:02.141591,0:00:21.791743
battistoni,700,0:00:01.938912,0:00:18.923721
battistoni,701,0:00:02.507527,0:00:22.264433
battistoni,702,0:00:01.879430,0:00:13.086885
battistoni,703,0:00:01.561615,0:00:17.666659
battistoni,704,0:00:01.895926,0:00:18.545707
battistoni,715,0:00:02.163496,0:00:19.538719
battistoni,716,0:00:01.746597,0:00:18.477396
battistoni,717,0:00:01.787421,0:00:13.856083
battistoni,718,0:00:02.003752,0:00:21.405004
battistoni,719,0:00:02.021975,0:00:13.180353
battistoni,730,0:00:01.972958,0:00:22.404851
battistoni,731,0:00:01.674251,0:00:23.265654
battistoni,732,0:00:02.128960,0:00:16.023978
battistoni,733,0:00:02.231228,0:00:18.265527
battistoni,734,0:00:02.570547,0:00:13.738398
battistoni,745,0:00:01.760779,0:00:22.238971
battistoni,746,0:00:01.673026,0:00:17.557861
battistoni,747,0:00:01.868332,0:00:12.689731
battistoni,748,0:00:01.918831,0:00:15.998547
battistoni,749,0:00:01.651323,0:00:13.906137
battistoni,760,0:00:01.817830,0:00:13.268075
battistoni,761,0:00:02.344419,0:00:17.861572
battistoni,762,0:00:02.407896,0:00:17.212253
battistoni,763,0:00:02.078076,0:00:16.053581
battistoni,764,0:00:01.723141,0:00:19.347942
battistoni,775,0:00:01.885228,0:00:17.369957
battistoni,776,0:00:01.869727,0:00:12.902405
battistoni,777,0:00:01.599482,0:00:13.884056
battistoni,778,0:00:01.650414,0:00:15.815352
battistoni,779,0:00:02.012261,0:00:25.898490
battistoni,790,0:00:01.649764,0:00:21.199990
battistoni,791,0:00:02.249198,0:00:20.254208
battistoni,792,0:00:01.620625,0:00:15.517292
battistoni,793,0:00:02.356381,0:00:14.069418
battistoni,794,0:00:02.014854,0:00:20.786087
battistoni,805,0:00:02.021243,0:00:15.422629
battistoni,806,0:00:01.766987,0:00:15.896757
battistoni,807,0:00:02.273002,0:00:19.911321
battistoni,808,0:00:01.827422,0:00:13.065985
battistoni,809,0:00:02.273275,0:00:19.628785
battistoni,820,0:00:02.061738,0:00:20.247025
battistoni,821,0:00:01.689032,0:00:15.303357
battistoni,822,0:00:01.906923,0:00:25.395024
battistoni,823,0:00:02.058150,0:00:14.241874
battistoni,824,0:00:02.081662,0:00:10.761779
battistoni,835,0:00:01.620631,0:00:12.285813
battistoni,836,0:00:01.929239,0:00:19.617276
battistoni,837,0:00:02.227937,0:00:12.885130
battistoni,838,0:00:01.887233,0:00:17.789729
battistoni,839,0:00:02.026444,0:00:09.912017
battistoni,850,0:00:01.654264,0:00:21.675698
battistoni,851,0:00:01.737949,0:00:14.869439
battistoni,852,0:00:01.852523,0:00:19.323734
battistoni,853,0:00:01.825641,0:00:15.469249
battistoni,854,0:00:01.940187,0:00:20.139221
battistoni,865,0:00:01.908917,0:00:20.527313
battistoni,866,0:00:01.991122,0:00:16.714646
battistoni,867,0:00:02.118580,0:00:12.971231
battistoni,868,0:00:01.867990,0:00:17.397615
battistoni,869,0:00:02.426639,0:00:15.156345
battistoni,880,0:00:01.960320,0:00:18.062519
battistoni,881,0:00:01.769288,0:00:20.908786
battistoni,882,0:00:01.843933,0:00:18.368130
battistoni,883,0:00:01.557813,0:00:10.843365
battistoni,884,0:00:01.688084,0:00:16.557835
battistoni,895,0:00:02.039457,0:00:18.473623
battistoni,896,0:00:02.251752,0:00:17.584797
battistoni,897,0:00:02.444439,0:00:24.782862
battistoni,898,0:00:01.656726,0:00:13.133477
battistoni,899,0:00:01.649245,0:00:15.434649
battistoni,910,0:00:01.919206,0:00:14.947833
battistoni,911,0:00:02.058459,0:00:19.924323
battistoni,912,0:00:01.748035,0:00:19.371354
battistoni,913,0:00:02.025553,0:00:18.193581
battistoni,914,0:00:02.136418,0:00:14.500868
battistoni,925,0:00:01.907870,0:00:13.506003
battistoni,926,0:00:01.811737,0:00:15.133618
battistoni,927,0:00:02.361703,0:00:19.877072
battistoni,928,0:00:02.479562,0:00:15.270696
battistoni,929,0:00:01.667226,0:00:15.345655
battistoni,940,0:00:01.771048,0:00:14.223234
battistoni,941,0:00:01.611560,0:00:21.005390
battistoni,942,0:00:01.917967,0:00:23.346075
battistoni,943,0:00:01.832639,0:00:18.719306
battistoni,944,0:00:02.103383,0:00:21.498765
battistoni,955,0:00:01.576726,0:00:19.387530
battistoni,956,0:00:01.734054,0:00:18.517709
battistoni,957,0:00:02.054952,0:00:15.367367
battistoni,958,0:00:02.528669,0:00:23.763813
battistoni,959,0:00:02.184252,0:00:18.576456
battistoni,970,0:00:02.270412,0:00:19.754455
battistoni,971,0:00:02.215535,0:00:14.543862
battistoni,972,0:00:01.546211,0:00:13.624783
battistoni,973,0:00:02.119340,0:00:16.727961
battistoni,974,0:00:02.568316,0:00:10.938134
battistoni,985,0:00:01.663728,0:00:16.819740
battistoni,986,0:00:01.873500,0:00:17.622792
battistoni,987,0:00:02.177477,0:00:18.416822
battistoni,988,0:00:02.044513,0:00:19.647252
battistoni,989,0:00:02.080605,0:00:13.673913
battistoni,1000,0:00:01.861253,0:00:21.306984
battistoni,1001,0:00:01.984444,0:00:16.513875
battistoni,1002,0:00:01.568515,0:00:15.470396
battistoni,1003,0:00:01.983919,0:00:16.543882
battistoni,1004,0:00:02.002256,0:00:13.442798
battistoni,1015,0:00:02.599076,0:00:16.123513
battistoni,1016,0:00:02.057617,0:00:20.691003
battistoni,1017,0:00:01.751225,0:00:09.493392
battistoni,1018,0:00:02.006817,0:00:23.574749
battistoni,1019,0:00:02.081592,0:00:13.907182
battistoni,1030,0:00:01.815557,0:00:12.928652
battistoni,1031,0:00:02.319571,0:00:15.955206
battistoni,1032,0:00:01.767070,0:00:12.877444
battistoni,1033,0:00:01.949361,0:00:16.130872
battistoni,1034,0:00:01.849916,0:00:20.836461
battistoni,1045,0:00:01.853011,0:00:17.869159
battistoni,1046,0:00:02.064363,0:00:20.208390
battistoni,1047,0:00:02.048045,0:00:18.783278
battistoni,1048,0:00:01.812647,0:00:13.908958
battistoni,1049,0:00:02.245739,0:00:19.958509
battistoni,1060,0:00:01.541968,0:00:17.856485
battistoni,1061,0:00:01.928036,0:00:15.418994
battistoni,1062,0:00:01.669936,0:00:18.776773
battistoni,1063,0:00:01.690921,0:00:13.618121
battistoni,1064,0:00:01.771338,0:00:11.074174
battistoni,1075,0:00:01.754287,0:00:14.826964
battistoni,1076,0:00:02.410432,0:00:20.964230
battistoni,1077,0:00:01.869750,0:00:16.316367
battistoni,1078,0:00:01.926711,0:00:21.621219
battistoni,1079,0:00:01.608042,0:00:09.689862
battistoni,1090,0:00:01.537778,0:00:13.571559
battistoni,1091,0:00:01.695184,0:00:21.668501
battistoni,1092,0:00:02.352387,0:00:21.936578
battistoni,1093,0:00:02.312354,0:00:24.811142
battistoni,1094,0:00:02.222103,0:00:17.409096
battistoni,1105,0:00:01.862664,0:00:13.976335
battistoni,1106,0:00:02.077173,0:00:17.646850
battistoni,1107,0:00:02.184023,0:00:18.804490
battistoni,1108,0:00:01.770007,0:00:08.449575
battistoni,1109,0:00:01.949932,0:00:11.567171
battistoni,1120,0:00:01.795248,0:00:17.023825
battistoni,1121,0:00:02.261019,0:00:18.691126
battistoni,1122,0:00:02.415673,0:00:10.134256
battistoni,1123,0:00:01.914225,0:00:19.892122
battistoni,1124,0:00:02.101851,0:00:19.872508
battistoni,1135,0:00:02.095597,0:00:17.807558
battistoni,1136,0:00:01.991748,0:00:19.424770
battistoni,1137,0:00:02.416695,0:00:20.047747
battistoni,1138,0:00:01.658469,0:00:12.263253
battistoni,1139,0:00:01.977018,0:00:17.250645
battistoni,1150,0:00:02.111713,0:00:17.950752
battistoni,1151,0:00:01.627768,0:00:13.018353
battistoni,1152,0:00:01.688008,0:00:09.965381
battistoni,1153,0:00:02.262966,0:00:19.936596
battistoni,1154,0:00:02.496940,0:00:17.552844
battistoni,1165,0:00:02.009799,0:00:25.485715
battistoni,1166,0:00:01.879137,0:00:21.617419
battistoni,1167,0:00:01.718249,0:00:15.501659
battistoni,1168,0:00:02.161204,0:00:16.814435
battistoni,1169,0:00:01.986674,0:00:19.690866
battistoni,1180,0:00:02.085882,0:00:17.185541
battistoni,1181,0:00:01.709208,0:00:16.058832
battistoni,1182,0:00:01.607480,0:00:20.076766
battistoni,1183,0:00:01.548250,0:00:20.078975
battistoni,1184,0:00:02.011779,0:00:15.668097
battistoni,1195,0:00:01.823067,0:00:18.627730
battistoni,1196,0:00:01.695634,0:00:19.759734
battistoni,1197,0:00:02.933864,0:00:09.214747
battistoni,1198,0:00:01.999004,0:00:11.756815
battistoni,1199,0:00:01.830264,0:00:08.929952
battistoni,1210,0:00:01.966310,0:00:21.248429
battistoni,1211,0:00:01.770834,0:00:17.743395
battistoni,1212,0:00:02.054237,0:00:14.945493
battistoni,1213,0:00:01.974942,0:00:17.021427
battistoni,1214,0:00:01.565703,0:00:13.816076
battistoni,1225,0:00:01.559402,0:00:14.260670
battistoni,1226,0:00:01.897787,0:00:22.813692
battistoni,1227,0:00:01.974142,0:00:25.979181
battistoni,1228,0:00:01.836016,0:00:21.107274
battistoni,1229,0:00:01.665049,0:00:12.834604
battistoni,1240,0:00:02.077387,0:00:15.563699
battistoni,1241,0:00:01.662771,0:00:15.413011
battistoni,1242,0:00:01.661514,0:00:21.545392
battistoni,1243,0:00:01.957981,0:00:17.612825
battistoni,1244,0:00:01.712273,0:00:21.508000
battistoni,1255,0:00:01.787439,0:00:16.756108
battistoni,1256,0:00:02.097223,0:00:23.063819
battistoni,1257,0:00:01.693634,0:00:14.669484
battistoni,1258,0:00:01.987938,0:00:14.280105
battistoni,1259,0:00:02.022897,0:00:17.096364
battistoni,1270,0:00:01.510622,0:00:14.774889
battistoni,1271,0:00:01.857379,0:00:16.240856
battistoni,1272,0:00:02.749280,0:00:09.542813
battistoni,1273,0:00:01.971023,0:00:15.288978
battistoni,1274,0:00:01.934892,0:00:08.962478
battistoni,1285,0:00:01.869732,0:00:19.182823
battistoni,1286,0:00:01.720682,0:00:17.897967
battistoni,1287,0:00:01.715085,0:00:17.719733
battistoni,1288,0:00:01.745213,0:00:15.276350
battistoni,1289,0:00:01.538233,0:00:21.969513
battistoni,1300,0:00:02.133767,0:00:18.486043
battistoni,1301,0:00:01.669375,0:00:16.080514
battistoni,1302,0:00:02.064617,0:00:28.007980
battistoni,1303,0:00:01.621973,0:00:14.319478
battistoni,1304,0:00:01.761879,0:00:11.808325
battistoni,1315,0:00:01.826741,0:00:24.778537
battistoni,1316,0:00:02.587019,0:00:13.449495
battistoni,1317,0:00:02.333773,0:00:23.527883
battistoni,1318,0:00:01.899745,0:00:21.905503
battistoni,1319,0:00:01.831171,0:00:19.781888
battistoni,1330,0:00:02.140838,0:00:18.965356
battistoni,1331,0:00:01.992433,0:00:20.040596
battistoni,1332,0:00:01.770760,0:00:14.061811
battistoni,1333,0:00:01.817850,0:00:10.584353
battistoni,1334,0:00:02.857219,0:00:15.611793
battistoni,1345,0:00:01.833740,0:00:18.743536
battistoni,1346,0:00:01.863286,0:00:16.191587
battistoni,1347,0:00:02.201131,0:00:17.561426
battistoni,1348,0:00:01.850205,0:00:18.951065
battistoni,1349,0:00:01.780398,0:00:18.947730
battistoni,1360,0:00:01.611894,0:00:18.708767
battistoni,1361,0:00:02.024918,0:00:18.137337
battistoni,1362,0:00:01.919598,0:00:16.782516
battistoni,1363,0:00:02.049938,0:00:18.081736
battistoni,1364,0:00:01.905565,0:00:20.468386
battistoni,1375,0:00:01.845977,0:00:18.207518
battistoni,1376,0:00:02.585085,0:00:18.948290
battistoni,1377,0:00:01.649707,0:00:19.721421
battistoni,1378,0:00:02.193432,0:00:17.559703
battistoni,1379,0:00:01.936846,0:00:15.025878
battistoni,1390,0:00:01.693111,0:00:13.515950
battistoni,1391,0:00:01.618252,0:00:14.594041
battistoni,1392,0:00:02.054784,0:00:20.041902
battistoni,1393,0:00:02.317515,0:00:19.907223
battistoni,1394,0:00:01.627464,0:00:07.501672
battistoni,1405,0:00:01.747025,0:00:18.392208
battistoni,1406,0:00:01.823771,0:00:19.856929
battistoni,1407,0:00:02.638310,0:00:19.335981
battistoni,1408,0:00:01.509215,0:00:20.017675
battistoni,1409,0:00:01.543711,0:00:13.732977
battistoni,1420,0:00:01.726037,0:00:21.979398
battistoni,1421,0:00:01.832382,0:00:14.111652
battistoni,1422,0:00:02.085365,0:00:17.725443
battistoni,1423,0:00:01.586927,0:00:15.038260
battistoni,1424,0:00:02.281618,0:00:17.484914
battistoni,1435,0:00:01.757811,0:00:13.894629
battistoni,1436,0:00:01.771842,0:00:18.460738
battistoni,1437,0:00:01.821714,0:00:17.407706
battistoni,1438,0:00:01.628572,0:00:16.451299
battistoni,1439,0:00:01.905199,0:00:15.249437
battistoni,1450,0:00:01.589957,0:00:14.105731
battistoni,1451,0:00:02.540420,0:00:12.873595
battistoni,1452,0:00:01.992038,0:00:12.958537
battistoni,1453,0:00:01.871859,0:00:18.278733
battistoni,1454,0:00:01.727708,0:00:17.089847
battistoni,1465,0:00:01.758827,0:00:14.011869
battistoni,1466,0:00:01.727005,0:00:19.350381
battistoni,1467,0:00:01.691550,0:00:16.667458
battistoni,1468,0:00:02.026094,0:00:14.044334
battistoni,1469,0:00:01.684572,0:00:17.865161
battistoni,1480,0:00:02.131794,0:00:19.953142
battistoni,1481,0:00:02.213473,0:00:12.656265
battistoni,1482,0:00:01.782098,0:00:18.353217
battistoni,1483,0:00:01.762366,0:00:13.252101
battistoni,1484,0:00:02.323700,0:00:27.935997
battistoni,1495,0:00:02.178280,0:00:13.399122
battistoni,1496,0:00:01.662542,0:00:17.594533
battistoni,1497,0:00:02.242888,0:00:22.514692
battistoni,1498,0:00:01.785954,0:00:21.102396
battistoni,1499,0:00:02.865164,0:00:08.528875
